title,org,members,problem
Through and Beyond,Camp Kesem,Camp Kesem at Carnegie Mellon University,"Camp Kesem supports children through and beyond a parent/guardian's cancer diagnosis and offers them a community of people who relate and who are there to support them. We offer year round programming such as holiday baskets, birthday cards, Friends and Family days, and our flagship program, Camp Kesem is a free-weeklong sleepaway camp where kids can just be kids, away from any of the stresses that may exist in their home lives."
ChildConnect AI,N/A,"Henry Xu, Sreya Abraham, Sydney Mahmood, Joel Mcleod Atikemah","The ChildConnect AI project aims to address the hidden impact of the opioid crisis in Allegheny County by identifying children who have lost a parent to overdose. The system uses machine learning and large language models to predict overdose risk, link affected parents to their children using integrated data sources, and generate human-readable summaries with service referral recommendations for caseworkers. By enabling earlier identification and coordinated support, the project helps ensure vulnerable children are quickly connected to appropriate social and healthcare services."
Girls Who Code @ CMU,Girls Who Code (gwccmu@andrew.cmu.edu),Girls Who Code ,"This year, Girls Who Code @ CMU ran three free Python programs for middle school girls in Pittsburgh—because the biggest drop-off in girls pursuing computer science happens between ages 13 and 17. We reached 33 students across our Introductory, Beginner, and Intermediate Python Programs, supported by 18 teachers from across CMU."
Non-Dilutive Funding,Charpie Leadership Institute,Trisha Jha,Expanding awarness for Non-Delituve Funding for startups. We are working to make a city wide event with the manicupal government and SBIR/STTR. We also created a grant depository that founders have been using.
Breaking the Barriers on Life Saving Innovation: Promoting Equitable Enrollment in Clinical Cancer Trials ,"Charpie Leadership Institute, jpearl@andrew.cmu.edu","Ritika Chhabra, UPMC Hillman Cancer Center Outreach Team","This project aims to identify and address the barriers to Black and Hispanic enrollment in clinical cancer trials through two phases. First, a series a of focus groups with cancer survivors, family and community members to uncover the root causes of underenrollment. Second, through the sharing of evidence-based resources with oncology providers and cancer patients to promote transparent conversation around clinical cancer trials. "
Habitat for Humanity Spring Break Trips,Habitat for Humanity,"23 participants, Habitat for Humanity at CMU",Our club sent three trips around the country during spring break to volunteer constructing homes. These homes are sold to families in need at a reduced cost and with no interest.
Larimer Garden Rehabilitation Project,Freedom By Design,Freedom By Design Carnegie Mellon University,"The Larimer Garden Rehabilitation Project is a partnership between FBD CMU and the Larimer Consensus Group. Through a series of collaborative workshops, the underutilized 2,500 sqft. lot in the Larimer residential neighborhood of Pittsburgh is transforming into a vibrant multifunctional community space. The project is envisioned as a hub for social connection and ecological empathy."
Environmental ML: Modeling Sequential Disaster Cascades,N/A,"Shikha Bhat, Varshini Elangovan, Preetika Verma","Climate change is no longer just about isolated hazards; it is about ""cascading disasters"", where a single storm triggers a sequence of floods, wildfires, and infrastructure failures. These chains are 49% deadlier than isolated events and disproportionately devastate communities with fewer resources to recover. We present a technical deep dive into an end-to-end ML pipeline built on 15 years of NOAA data (~967,000 events) to predict multi-hazard disaster chains. We address critical engineering hurdles: modeling sequential inter-label dependencies and managing extreme class imbalance. We build and experiment with various models, including weather-embedded MLPs and GNNs, inspired by physics-informed ML to boost rare-event detection. Finally, we demonstrate how to integrate the CDC Social Vulnerability Index to audit AI models for fairness."
Financial Literacy in Pittsburgh,"Moneythink CMU, moneythinkcmu@andrew.cmu.edu",Moneythink,"At Moneythink, we aim to empower individuals with strong financial literacy skills. We run outreach programs that bring financial education to local high schools, community centers, and the CMU campus, while also developing structured curriculums to support these efforts. In addition, we host events featuring guest speakers from leading institutions, offer networking opportunities, and organize site visits to provide real-world exposure to careers in finance."
Juntos: Creating Ties,"Juntos, cmujuntos@gmail.com ","KaiLin Chen, Gabriela Romanelli, Gabriela Manzano, Luna Taveras, Mariana Padilla, Miles Reinstein, Isabella Hu
, Kevelin Rios, Sophie Ding","Juntos: Creating Ties will be traveling to the Dominican Republic (DR) from May 11–18, 2026, for a week-long civic engagement experience in partnership with Bridges to Community (BtC), a nonprofit organization with whom we have collaborated for over a decade. In La Guama, which is the most recent rural community in the DR that we have been visiting for a couple summers consecutively, we have engaged in projects such as painting homes, planting coffee trees, constructing foundations for homes, assembling community restrooms, and participating in environmental cleanups with local youth. This summer, we will be returning to the DR, to a neighboring community right next to La Guama, where we hope to continue expanding our work, which is entirely shaped by the priorities identified by local leaders that collaborate with BtC to ensure sustainability."
Lean On Me at CMU,"Lean On Me, team@lean0n.me","Lily Yang, Isaac Li, Meabyn Bie, Pheona Ma, Stephanie Liu","Lean On Me is a confidential, text-based hotline run by students and for students. We train students to become supporters of the line through a standardized curriculum and partnership with CaPS. We support students in the community by lending a listening ear and sharing resources they may find helpful. "
Putting Money in the Hands of Working Families through Volunteer Income Tax Assistance (VITA) Sites,N/A,"Samiha Islam, Ana Rowley, Yuxin Zheng","Every year, millions of low-income workers miss out on the Earned Income Tax Credit (EITC), leaving about $7 billion in unclaimed refunds on the table across the US. Partnering with the National League of Cities, our team of Carnegie Mellon University Master’s students worked to understand what drives the missing tax credit uptake among low-income households. We conducted over a dozen stakeholder interviews with tax filing experts nationwide, and devised a three-phase solution to improve EITC uptake through increasing access to tax-filing services and spreading awareness of the credit."
File2Form AI,Carnegie Mellon University Hacking for Defense,Kausthubh Taranikanti,"File2Form AI is an application built for defense systems (and potentially other local government departments) to manage their equipment better, reducing man hours with AI powered troubleshooting, auto-processing of repair paperwork and real time tracking of the worn out equipment. "
Campus Dining and Sustainability ,"Dining Services, dining-sustainability@andrew.cmu.edu","Pranav Bhosale, Sam Mathew, Justin Goel",Presentation on sustainable dining practices and related projects implemented by dining services. Upcoming work on reusables program and food waste management. 
Mapping Rapid Response Efforts in Pittsburgh,Charpie Leadership Institute,Amanda Barajas,"This project proposal outlines a democratic engagement project funded by the Charpie Leadership Institute at Carnegie Mellon University. In partnership with CMU Libraries and the immigrant rights nonprofit Frontline DIGNITY, this project aims to design a secure, crowdsourced GIS map that directly supports Frontline DIGNITY’s ongoing Rapid Response Network initiatives across Pittsburgh. "
CMUsed,CMUBTG,CMUBTG Product Studio,"A campus specific web-app that serves as a marketplace where CMU students can buy and sell items, enabling convenient transactions within the university community."
Dress for Success Pittsburgh  ,Design for America,"Sophie Hao, Anna Abello, Joana Liu, Bach Lan Vu, Beverly Zheng, Jazzmin Abarentos, Sonia Batheja","A streamlined volunteer database system that tracks key metrics and trends, facilitates easier volunteer logging, and connects volunteer efforts with their impact through an appreciation template."
Increasing Girls on the Run Recruitment Through Improved Visual Outreach Materials,Design for America,"Skylar Wang, Annabelle Chow, Chloe Xu, Inseo Kim, Varr Kumar, Maithili Chaudhari","Our team is partnering with Girls on the Run UPMC Magee-Womens Hospital to improve the recruitment of coaches and volunteers. Through user research, design, and testing, we are developing visual promotional materials that enhance outreach efforts at community events and better communicate the program’s impact."
MCG Youth,Design for America,"Sage Rohrbach, Zoey Ji, Daniel Ho, Maisha Agarwal, Eunbean Lee, May Zhang, Emma Zhao","Our project aim was to encourage consistent student attendance at MCG Youth, a nonprofit artist studio for Pittsburgh Public School Students. To achieve this goal, we created an interactive artist critique system, a handheld artist brochure yearbook, and a discord bot to be added to their current discord channel in which students can easily share out their work. "
Keep Pennsylvania Beautiful,Design for America,"Jodie Yang, Arielle Turullols, Silvia Kim, Hannah Chen, April Chou, Katie Wen, Emily Zhang, Khushi Thaker ","Keep Pennsylvania Beautiful is a nonprofit that services Pennsylvania, empowering residents to keep their communities clean and beautiful through cleanups, promoting proper waste handling, community beautification, and youth education. Our project serves to develop solutions for their website to improve volunteer outreach/adoption and youth retention."
Fortyx80,Design for America,"Gryphon Chong, Abigail Lo,  Lily Kim, Maddy Ng, Mahee Shah, Nandini Tiwari, Shreya Mahindroo, Tiffany Liu, Sissi Zhen","We're helping a local non-profit collect, organize, and centralize data to measure their program outcomes through developing a suite of data collection tools. Through surveys and a data analysis dashboard, we hope to equip Fortyx80 with what they need to record their program's success and impact."
CollegeCart,ScottyLabs,"Rion Kurihara, Nayon Kim, Michelle Batkhuu, Rushabh Jain, Evelyn Wang, Sophia Lin, Hannah Li","ScottyLabs presents CollegeCart: CMU’s safe and simple alternative to the high costs, safety risks, and logistical inconveniences of traditional marketplaces. Driven by significant early traction, it is emerging as a scalable model for circular economies on university campuses everywhere."